timestamp;value;status
2026-06-10T00:00:00+02:00;0,062;Measured
2026-06-10T00:15:00+02:00;0,058;Measured
2026-06-10T00:30:00+02:00;0,055;Measured
2026-06-10T00:45:00+02:00;0,053;Measured
2026-06-10T01:00:00+02:00;0,051;Measured
2026-06-10T01:15:00+02:00;0,050;Measured
2026-06-10T01:30:00+02:00;0,049;Measured
2026-06-10T01:45:00+02:00;0,048;Measured
2026-06-10T02:00:00+02:00;0,048;Measured
2026-06-10T02:15:00+02:00;0,047;Measured
2026-06-10T02:30:00+02:00;0,047;Measured
2026-06-10T02:45:00+02:00;0,046;Measured
2026-06-10T03:15:00+02:00;0,046;Measured
2026-06-10T03:30:00+02:00;0,047;Measured
2026-06-10T03:45:00+02:00;0,048;Measured
2026-06-10T04:00:00+02:00;0,049;Measured
2026-06-10T04:15:00+02:00;0,050;Measured
2026-06-10T04:30:00+02:00;0,052;Measured
2026-06-10T04:45:00+02:00;0,055;Measured
2026-06-10T05:00:00+02:00;0,061;Measured
2026-06-10T05:15:00+02:00;0,068;Measured
2026-06-10T05:30:00+02:00;0,077;Measured
2026-06-10T05:45:00+02:00;0,088;Measured
2026-06-10T06:00:00+02:00;0,102;Measured
2026-06-10T06:15:00+02:00;0,118;Measured
2026-06-10T06:30:00+02:00;0,131;Measured
2026-06-10T06:45:00+02:00;0,140;Measured
2026-06-10T07:00:00+02:00;0,146;Measured
2026-06-10T07:15:00+02:00;0,149;Measured
2026-06-10T07:30:00+02:00;0,150;Measured
2026-06-10T07:45:00+02:00;0,148;Measured
2026-06-10T08:00:00+02:00;0,141;Measured
2026-06-10T08:15:00+02:00;0,135;Measured
2026-06-10T08:30:00+02:00;0,129;Measured
2026-06-10T08:45:00+02:00;0,124;Measured
2026-06-10T09:00:00+02:00;0,120;Measured
2026-06-10T09:15:00+02:00;0,117;Measured
2026-06-10T09:30:00+02:00;0,115;Measured
2026-06-10T09:45:00+02:00;0,114;Measured
2026-06-10T10:00:00+02:00;0,113;Measured
2026-06-10T10:15:00+02:00;0,114;Measured
2026-06-10T10:30:00+02:00;0,116;Measured
2026-06-10T10:45:00+02:00;0,118;Measured
2026-06-10T11:00:00+02:00;0,121;Measured
2026-06-10T11:15:00+02:00;0,125;Measured
2026-06-10T11:30:00+02:00;0,129;Measured
2026-06-10T11:45:00+02:00;0,132;Measured
2026-06-10T12:00:00+02:00;0,135;Measured
2026-06-10T12:15:00+02:00;0,136;Measured
2026-06-10T12:30:00+02:00;0,134;Measured
2026-06-10T12:45:00+02:00;0,130;Measured
2026-06-10T13:00:00+02:00;0,124;Measured
2026-06-10T13:15:00+02:00;0,118;Measured
2026-06-10T13:30:00+02:00;0,113;Measured
2026-06-10T13:45:00+02:00;0,109;Measured
2026-06-10T14:00:00+02:00;0,106;Measured
2026-06-10T14:15:00+02:00;0,104;Measured
2026-06-10T14:30:00+02:00;0,103;Measured
2026-06-10T14:45:00+02:00;0,103;Measured
2026-06-10T15:00:00+02:00;0,104;Measured
2026-06-10T15:15:00+02:00;0,106;Measured
2026-06-10T15:30:00+02:00;0,110;Measured
2026-06-10T15:45:00+02:00;0,115;Measured
2026-06-10T16:00:00+02:00;0,121;Measured
2026-06-10T16:15:00+02:00;0,128;Measured
2026-06-10T16:30:00+02:00;0,136;Measured
2026-06-10T16:45:00+02:00;0,145;Measured
2026-06-10T17:00:00+02:00;0,154;Measured
2026-06-10T17:15:00+02:00;0,163;Measured
2026-06-10T17:30:00+02:00;0,172;Measured
2026-06-10T17:45:00+02:00;0,180;Measured
2026-06-10T18:00:00+02:00;0,186;Measured
2026-06-10T18:15:00+02:00;0,191;Measured
2026-06-10T18:30:00+02:00;1,950;Measured
2026-06-10T18:45:00+02:00;0,197;Measured
2026-06-10T19:00:00+02:00;0,198;Measured
2026-06-10T19:15:00+02:00;0,197;Measured
2026-06-10T19:30:00+02:00;0,194;Measured
2026-06-10T19:45:00+02:00;0,190;Measured
2026-06-10T20:00:00+02:00;0,185;Measured
2026-06-10T20:15:00+02:00;0,178;Measured
2026-06-10T20:30:00+02:00;0,171;Measured
2026-06-10T20:45:00+02:00;0,163;Measured
2026-06-10T21:00:00+02:00;0,155;Measured
2026-06-10T21:15:00+02:00;0,146;Measured
2026-06-10T21:30:00+02:00;0,137;Measured
2026-06-10T21:45:00+02:00;0,128;Measured
2026-06-10T22:00:00+02:00;0,118;Measured
2026-06-10T22:15:00+02:00;0,108;Measured
2026-06-10T22:30:00+02:00;0,098;Measured
2026-06-10T22:45:00+02:00;0,089;Measured
2026-06-10T23:00:00+02:00;0,081;Measured
2026-06-10T23:15:00+02:00;0,075;Measured
2026-06-10T23:30:00+02:00;0,070;Measured
2026-06-10T23:45:00+02:00;0,066;Measured
